{
    "name": "Closify",
    "title": "jQuery Closify",
    "description": "Closify is a jQuery based plugin, that simplifies the developers task to create a dynamic image uploader that works like facebook cover and profile picture uploading mechanism.",
    "keywords": [
        "closify",
        "image",
		"picture",
		"uploader",
		"profile",
		"banner",
		"cover",
		"facebook"
    ],
    "version": "1.0.5",
    "author": {
        "name": "aelbuni",
        "url": "http://www.itechflare.com/closify"
    },
    "maintainers": [
        {
            "name": "Abdulrhman Elbuni",
            "url": "http://www.itechflare.com"
        }
    ],
    "licenses": [
        {
            "type": "GPLv2",
            "url": "http://www.gnu.org/licenses/gpl-2.0.html"
        }
    ],
    "bugs": "https://github.com/aelbuni/closify/issues",
    "homepage": "http://www.itechflare.com/closify",
    "docs": "http://www.itechflare.com/closify",
    "download": "https://github.com/aelbuni/closify",
    "dependencies": {
        "jquery": ">=1.5",
		"jquery-ui": ">=1.10"
    }
}